YMR059W,1,red
YLR044C,0,blue
YGR262C,0,blue
YDR523C,0,blue
YGL048C,1,red
YMR049C,1,red
YER173W,0,blue
YER179W,0,blue
YDL043C,1,red
YPR110C,1,red
YMR106C,0,blue
YLR208W,1,red
YJL080C,0,blue
YLR105C,1,red
YBR170C,0,blue
YKL213C,0,blue
YAR008W,1,red
YPL083C,1,red
YLR025W,0,blue
YMR165C,0,blue
YOL009C,0,blue
YLR170C,0,blue
YDR463W,0,blue
YGR209C,0,blue
YOR056C,1,red
YPL210C,1,red
YER123W,0,blue
YAR042W,0,blue
YDL116W,0,blue
YDR192C,0,blue
YKL068W,0,blue
YGR119C,1,red
YGL172W,1,red
YJL041W,1,red
YMR153W,0,blue
YJR042W,1,red
YJL061W,1,red
YIL115C,1,red
YGL092W,1,red
YBL079W,0,blue
YFR002W,1,red
YER107C,0,blue
YKR082W,0,blue
YKL057C,0,blue
YML103C,0,blue
YPR174C,0,blue
YOR046C,1,red
YER105C,0,blue
YMR255W,0,blue
YMR258C,0,blue
YDL207W,1,red
YDL088C,0,blue
YDR532C,1,red
YGL093W,1,red
YBR244W,0,blue
YDL226C,0,blue
YGR144W,0,blue
YGR058W,0,blue
YDR409W,0,blue
YNL278W,0,blue
YGL037C,0,blue
YKR096W,0,blue
YOR014W,0,blue
YER112W,1,red
YFL034C-B,1,red
YLR016C,0,blue
YBL036C,0,blue
YGR136W,0,blue
YNL110C,1,red
YLR147C,1,red
YEL015W,0,blue
YCR093W,1,red
YPR093C,0,blue
YNL007C,1,red
YMR104C,0,blue
YLR421C,0,blue
YIL033C,0,blue
YHR070W,1,red
YOR269W,0,blue
YLR403W,1,red
YJL124C,0,blue
YIL053W,0,blue
YOL123W,1,red
YOR362C,1,red
YGL131C,0,blue
YER041W,0,blue
YDL156W,0,blue
YPL012W,1,red
YPL124W,1,red
YFR031C,1,red
YMR125W,0,blue
YLR134W,0,blue
YHR170W,1,red
YBL016W,0,blue
YLR113W,0,blue
YGL105W,0,blue
YNL207W,1,red
YBL004W,1,red
YNL107W,0,blue
YDR146C,0,blue
YNL147W,1,red
YIL079C,0,blue
YPL139C,0,blue
YMR291W,0,blue
YER138C,0,blue
YHR193C,0,blue
YER062C,0,blue
YPL178W,0,blue
YMR061W,1,red
YNR052C,1,red
YLR438C-A,1,red
YJR059W,0,blue
YML092C,1,red
YFL010C,0,blue
YJR132W,0,blue
YLR079W,0,blue
YMR198W,1,red
YPR030W,0,blue
YOL149W,1,red
YLR182W,1,red
YDR130C,1,red
YPR187W,1,red
YPR103W,1,red
YGR161C,0,blue
YPL038W,0,blue
YPL169C,1,red
YLR328W,0,blue
YNL313C,1,red
YLR127C,1,red
YLR424W,1,red
YKL009W,0,blue
YDL060W,1,red
YMR314W,1,red
YLR082C,0,blue
YGR278W,1,red
YIL038C,0,blue
YDL190C,0,blue
YGL011C,1,red
YJR070C,0,blue
YNL023C,0,blue
YLR086W,1,red
YEL066W,0,blue
YER094C,1,red
YPR175W,1,red
YDR356W,1,red
YPL211W,1,red
YGR135W,0,blue
YBR195C,0,blue
YJL047C,0,blue
YDR378C,1,red
YMR080C,0,blue
YLR153C,1,red
YPR040W,1,red
YGL238W,1,red
YGR095C,1,red
YJL140W,0,blue
YNL223W,0,blue
YDR482C,0,blue
YGL090W,0,blue
YDR054C,1,red
YFR034C,0,blue
YDR465C,0,blue
YFR050C,1,red
YBL032W,0,blue
YGL213C,1,red
YOL038W,1,red
YDR101C,0,blue
YML099C,0,blue
YNL288W,0,blue
YPR072W,0,blue
YGR233C,0,blue
YNL042W,0,blue
YBL034C,1,red
YML007W,0,blue
YKL143W,0,blue
YDR404C,1,red
YHR185C,0,blue
YGR180C,0,blue
YER027C,0,blue
YNL015W,0,blue
YOR159C,1,red
YPR190C,1,red
YOR208W,0,blue
YBL058W,0,blue
YIL132C,0,blue
YBR239C,0,blue
YGL220W,0,blue
YKL205W,1,red
YNR012W,0,blue
YDR243C,1,red
YDR201W,1,red
YKL042W,1,red
YAL059W,0,blue
YDL127W,0,blue
YBL041W,1,red
YIL008W,0,blue
YGR204W,0,blue
YLR009W,1,red
YGR203W,0,blue
YDR395W,1,red
YDL165W,1,red
YNL172W,1,red
YGR253C,1,red
YOL021C,1,red
YPL217C,1,red
YDR280W,1,red
YBR281C,0,blue
YGL240W,0,blue
YJL001W,1,red
YNL330C,0,blue
YPL016W,1,red
YDR002W,1,red
YML022W,0,blue
YCR035C,1,red
YGR264C,1,red
YDL070W,0,blue
YPL037C,0,blue
YJL039C,1,red
YGR158C,1,red
YPR137C-B,0,blue
YGR195W,1,red
YPL125W,1,red
YPL192C,0,blue
YPL001W,0,blue
YGR013W,1,red
YOL001W,0,blue
YPL014W,0,blue
YMR285C,0,blue
YGL075C,1,red
YGR098C,1,red
YDL053C,0,blue
YER068W,0,blue
YJR029W,0,blue
YBR202W,1,red
YOR197W,0,blue
YKL062W,0,blue
YNL016W,0,blue
YDL124W,0,blue
YPL209C,1,red
YHL027W,0,blue
YDR091C,1,red
YHR069C,1,red
YNL232W,1,red
YMR213W,1,red
YLR271W,0,blue
YOL117W,0,blue
YPL266W,1,red
YGR178C,0,blue
YGR134W,0,blue
YOR157C,1,red
YGL175C,0,blue
YPR141C,0,blue
YHL009C,0,blue
YOR083W,0,blue
YNL027W,0,blue
YLR154C,0,blue
YLR384C,0,blue
YLR401C,0,blue
YIR011C,1,red
YDR005C,0,blue
YFR047C,0,blue
YCL026C-A,0,blue
YGR211W,1,red
YHR121W,0,blue
YIL149C,0,blue
YGL061C,1,red
YGR085C,0,blue
YHR172W,1,red
YLR150W,0,blue
YGL227W,0,blue
YER160C,0,blue
YOR372C,1,red
YGL174W,0,blue
YPL226W,0,blue
YPL048W,0,blue
YNL309W,0,blue
YLR102C,0,blue
YPL269W,0,blue
YDL063C,0,blue
YPL219W,0,blue
YBL001C,0,blue
YGL241W,0,blue
YER162C,0,blue
YER057C,0,blue
YFL007W,0,blue
YGR113W,1,red
YAL054C,0,blue
YDR399W,0,blue
YOR141C,0,blue
YNL112W,1,red
YDR118W,1,red
YKL069W,0,blue
YLR254C,0,blue
YOR028C,0,blue
YOL093W,0,blue
YOR006C,0,blue
YLR231C,0,blue
YNL077W,0,blue
YCR065W,0,blue
YDR223W,0,blue
YOR257W,1,red
YGL250W,0,blue
YLR094C,0,blue
YOL111C,0,blue
YMR135C,0,blue
YOR145C,1,red
YHR097C,0,blue
YKR038C,1,red
YNL281W,0,blue
YIR017C,0,blue
YIL097W,0,blue
YKR022C,1,red
YJL019W,1,red
YKL058W,1,red
YKR037C,1,red
YDL216C,0,blue
YPL131W,1,red
YCL050C,0,blue
YLR136C,0,blue
YER036C,1,red
YGR140W,1,red
YJL122W,0,blue
YDR423C,0,blue
YDL111C,1,red
YGR205W,0,blue
YBR057C,0,blue
YGL192W,0,blue
YNL045W,0,blue
YLR274W,1,red
YOR373W,1,red
YDL235C,1,red
YOR298C-A,0,blue
YER084W,0,blue
YPL146C,1,red
YFL028C,0,blue
YJR050W,0,blue
YOL068C,0,blue
YBR058C,0,blue
YOL142W,1,red
YPL247C,0,blue
YOR023C,0,blue
YGL157W,0,blue
YLR011W,0,blue
YER028C,0,blue
YDR361C,1,red
YDR051C,0,blue
YPR172W,0,blue
YDL166C,1,red
YER139C,0,blue
YDR184C,0,blue
YHR207C,0,blue
YPL046C,0,blue
YIL017C,0,blue
YOR060C,1,red
YOL151W,0,blue
YCR082W,0,blue
YOR209C,0,blue
YBL084C,1,red
YBL074C,1,red
YDR179C,0,blue
YPL245W,0,blue
YHR214C-B,0,blue
YLR410W-B,0,blue
YDL129W,0,blue
YGL058W,0,blue
YPL064C,0,blue
YGR269W,0,blue
YLR265C,0,blue
YOL089C,0,blue
YLR135W,0,blue
YOR173W,0,blue
YLR118C,0,blue
YLR456W,0,blue
YDR520C,0,blue
YKR083C,1,red
YKL183W,0,blue
YCR059C,0,blue
YMR278W,0,blue
YMR067C,0,blue
YHR049W,0,blue
YOR194C,1,red
YDR016C,1,red
YOR275C,0,blue
YNL196C,0,blue
YLR270W,0,blue
YGL128C,1,red
YLR266C,0,blue
YKL052C,1,red
YDR132C,0,blue
YER168C,1,red
YJR047C,0,blue
YMR009W,0,blue
YMR127C,0,blue
YJR025C,0,blue
YNL289W,0,blue
YJR146W,0,blue
YKL024C,1,red
YMR025W,0,blue
YOR243C,0,blue
YKR018C,0,blue
YLR017W,0,blue
YPL133C,0,blue
YHR187W,0,blue
YMR233W,0,blue
YHR034C,0,blue
YER104W,1,red
YIR018W,0,blue
YHR087W,0,blue
YIL145C,0,blue
YPL260W,0,blue
YIL071C,0,blue
YGR151C,0,blue
YML031W,1,red
YJR136C,1,red
YLR032W,0,blue
YKR072C,0,blue
YNR027W,0,blue
YPL208W,0,blue
YBR012W-B,0,blue
YGR200C,0,blue
YAL061W,0,blue
YIL110W,0,blue
YMR180C,0,blue
YIL082W-A,0,blue
YGL162W,0,blue
YOR258W,0,blue
YDR531W,1,red
YDR012W,0,blue
YJR069C,0,blue
YJR084W,0,blue
YOL017W,0,blue
YOR129C,0,blue
YOR283W,0,blue
YOR172W,0,blue
YPL201C,0,blue
YPL086C,0,blue
YPL024W,0,blue
YLR301W,0,blue
YDR305C,0,blue
YML014W,0,blue
YLR063W,0,blue
YPR118W,0,blue
YDR530C,0,blue
YNL284C-B,0,blue
YMR045C,0,blue
YGR161C-D,0,blue
YBL005W-B,0,blue
YNR009W,0,blue
YBR111W-A,0,blue
YKL038W,0,blue
YPL096W,0,blue
YKL017C,0,blue
YKR064W,0,blue
YNL126W,1,red
YJR027W,0,blue
YNL072W,0,blue
YER038C,1,red
YOR138C,0,blue
YBR158W,1,red
YKR080W,0,blue
YNL141W,0,blue
YDR363W,0,blue
YDR140W,0,blue
YHR046C,0,blue
YPL090C,0,blue
YOR025W,0,blue
YNL224C,0,blue
YNL096C,0,blue
YDR252W,0,blue
YGL169W,1,red
YPR189W,0,blue
YBL054W,0,blue
YDL115C,0,blue
YKL122C,1,red
YDL092W,1,red
YPL243W,1,red
YDR063W,0,blue
YGR185C,1,red
YDR111C,0,blue
YOR162C,0,blue
YEL038W,0,blue
YNL036W,1,red
YOR096W,0,blue
YPR051W,0,blue
YLR228C,0,blue
YBL014C,1,red
YDL110C,0,blue
YBR156C,0,blue
YKL086W,0,blue
YPL253C,0,blue
YAL033W,1,red
YKR079C,1,red
YLR437C,0,blue
YNR046W,1,red
YAL013W,0,blue
YJR097W,0,blue
YPR102C,0,blue
YOL064C,0,blue
YBL097W,1,red
YOL032W,0,blue
YMR312W,0,blue
YDR288W,1,red
YDR330W,0,blue
YEL058W,1,red
YPL101W,0,blue
YNR034W,0,blue
YDR020C,0,blue
YMR069W,0,blue
YER035W,0,blue
YLR435W,0,blue
YCR036W,0,blue
YPL257W-B,0,blue
YBR090C,0,blue
YNR015W,0,blue
YDR253C,0,blue
YGR277C,1,red
YLR167W,1,red
YGL091C,1,red
YOR274W,0,blue
YKL110C,0,blue
YJL162C,0,blue
YDR066C,0,blue
YIL153W,0,blue
YKR043C,0,blue
YLR145W,1,red
YNL221C,1,red
YJL191W,0,blue
YOR148C,1,red
YDR400W,0,blue
YMR030W,0,blue
YGR219W,0,blue
YDL144C,0,blue
YIL056W,0,blue
YCR060W,0,blue
YGR161W-B,0,blue
YKL033W,1,red
YDR346C,0,blue
YCL019W,0,blue
YER163C,0,blue
YOR107W,0,blue
YEL019C,1,red
YCR047C,0,blue
YOR131C,0,blue
YOR352W,0,blue
YGL184C,0,blue
YNL155W,0,blue
YKL149C,0,blue
YOL103W-B,0,blue
YJL082W,0,blue
YJR067C,1,red
YLR085C,0,blue
YFL044C,0,blue
YDR261W-B,0,blue
YJR130C,0,blue
YPL071C,0,blue
YPR031W,0,blue
YHR163W,0,blue
YJR066W,0,blue
YKL203C,1,red
YPL180W,0,blue
YOR132W,0,blue
YGL100W,0,blue
YOL100W,1,red
YMR047C,1,red
YNL084C,0,blue
YNL287W,1,red
YPR181C,1,red
YPL218W,1,red
YIR006C,1,red
YDL149W,0,blue
YDR484W,0,blue
YOR069W,0,blue
YGR170W,0,blue
YIL109C,1,red
YDL058W,1,red
YJR125C,0,blue
YNL304W,0,blue
YIL106W,1,red
YKR048C,0,blue
YJR022W,1,red
YEL056W,0,blue
YDR328C,1,red
YBL056W,0,blue
YIL148W,0,blue
YJL141C,0,blue
YCR077C,0,blue
YDR267C,1,red
YHL034C,0,blue
YCL039W,0,blue
YKL145W,1,red
YLL050C,1,red
YMR308C,1,red
YKL130C,0,blue
YPR016C,1,red
YDR155C,0,blue
YOR117W,1,red
YPL151C,1,red
YML058W,0,blue
YCL028W,1,red
YDR113C,1,red
YER059W,0,blue
YBR247C,1,red
YHL030W,0,blue
YLR347C,1,red
YDR499W,1,red
YGL115W,0,blue
YML112W,0,blue
YKL139W,1,red
YPR154W,0,blue
YLL026W,0,blue
YPL194W,0,blue
YJR017C,1,red
YMR226C,0,blue
YKL210W,1,red
YGR218W,1,red
YFL033C,0,blue
YJL164C,1,red
YOR230W,0,blue
YIR005W,0,blue
YEL037C,0,blue
YDL007W,1,red
YEL034W,1,red
YJL026W,1,red
YPL262W,0,blue
YBL078C,0,blue
YDR202C,0,blue
YCL008C,0,blue
YKL002W,0,blue
YDL195W,1,red
YDR069C,0,blue
YDR049W,0,blue
YDR320C,0,blue
YPL085W,1,red
YDR425W,0,blue
YJL036W,0,blue
YDR292C,1,red
YLR119W,0,blue
YNR006W,0,blue
YJL145W,0,blue
YPL065W,0,blue
YOL065C,0,blue
YJR102C,0,blue
YPL002C,0,blue
YLR417W,0,blue
YLR181C,0,blue
YGR206W,0,blue
YOR311C,0,blue
YDL015C,1,red
YFL042C,0,blue
YLR072W,0,blue
YHR186C,1,red
YNL006W,1,red
YDL100C,0,blue
YHR098C,1,red
YKR014C,0,blue
YHR005C,1,red
YNL263C,1,red
YGL051W,0,blue
YNL049C,0,blue
YGL225W,1,red
YAR033W,0,blue
YHR042W,1,red
YGR105W,0,blue
YBR029C,1,red
YJL151C,0,blue
YDL193W,1,red
YLL023C,0,blue
YER120W,0,blue
YOR254C,1,red
YIL016W,0,blue
YAL010C,0,blue
YLR064W,0,blue
YML075C,0,blue
YMR065W,0,blue
YLR450W,0,blue
YHL020C,0,blue
YAL009W,0,blue
YLL006W,0,blue
YDR196C,1,red
YHR004C,0,blue
YIL040W,0,blue
YIL030C,0,blue
YPL200W,0,blue
YBR070C,1,red
YDR205W,0,blue
YGR059W,0,blue
YDR218C,0,blue
YDL065C,0,blue
YAR002W,0,blue
YLR335W,0,blue
YKL021C,1,red
YER078C,0,blue
YML061C,0,blue
YDR120C,0,blue
YML107C,0,blue
YDR062W,1,red
YPL004C,0,blue
YNL265C,0,blue
YGR142W,0,blue
YPL084W,0,blue
YPL137C,1,red
YPL227C,0,blue
YMR029C,0,blue
YMR296C,1,red
YHR009C,1,red
YML101C,0,blue
YMR110C,0,blue
YBR162W-A,0,blue
YDR349C,0,blue
YBR246W,0,blue
YER128W,0,blue
YFL038C,1,red
YLR373C,0,blue
YAR027W,0,blue
YMR022W,0,blue
YNR016C,1,red
YHL002W,0,blue
YOR047C,0,blue
YDR496C,0,blue
YNL183C,0,blue
YLR074C,0,blue
YNL012W,0,blue
YNL236W,0,blue
YDR225W,0,blue
YGL035C,0,blue
YLR453C,0,blue
YDL014W,1,red
YML032C,0,blue
YHR165C,1,red
YNL088W,1,red
YER022W,1,red
YCR092C,0,blue
YNL312W,1,red
YDR097C,0,blue
YPL042C,0,blue
YGL181W,0,blue
YHR014W,1,red
YPR010C,1,red
YBR098W,0,blue
YHR066W,0,blue
YMR093W,1,red
YGR067C,0,blue
YOL041C,0,blue
YMR201C,0,blue
YDL042C,0,blue
YOL108C,0,blue
YCL031C,1,red
YJL090C,1,red
YDR339C,1,red
YGR258C,0,blue
YPR182W,1,red
YGR188C,0,blue
YHR119W,0,blue
YDR381W,1,red
YGL016W,0,blue
YBR175W,0,blue
YMR094W,1,red
YER146W,1,red
YIL125W,0,blue
YGL120C,1,red
YPR018W,0,blue
YGL111W,1,red
YDL140C,1,red
YAR003W,0,blue
YDR224C,1,red
YGL201C,1,red
YPR086W,1,red
YIL144W,1,red
YBR142W,1,red
YDR060W,1,red
YJL081C,1,red
YDL175C,0,blue
YMR167W,0,blue
YER148W,1,red
YIL021W,1,red
YHR099W,1,red
YMR240C,1,red
YER142C,0,blue
YPL126W,1,red
YFL008W,1,red
YOR116C,1,red
YCL059C,1,red
YDR034C,0,blue
YBL002W,0,blue
YNL308C,1,red
YLR247C,0,blue
YJL203W,1,red
YER126C,1,red
YJL074C,1,red
YNR053C,1,red
YDR028C,0,blue
YLR430W,1,red
YML074C,0,blue
YCR086W,0,blue
YDR174W,0,blue
YFL017W-A,1,red
YHR089C,1,red
YOR210W,1,red
YOL012C,0,blue
YDL208W,1,red
YGL127C,0,blue
YLR106C,1,red
YKL018W,1,red
YDR439W,0,blue
YIL143C,1,red
YOL090W,0,blue
YER172C,1,red
YOL145C,0,blue
YLR197W,1,red
YNL002C,1,red
YOR206W,1,red
YJR063W,0,blue
YFR001W,0,blue
YOL135C,1,red
YGR002C,1,red
YDR167W,1,red
YPR137W,1,red
YGR252W,0,blue
YJL194W,1,red
YBL103C,0,blue
YGR091W,1,red
YDR311W,1,red
YDR334W,0,blue
YOL004W,0,blue
YGR104C,0,blue
YHR084W,1,red
YBR154C,1,red
YOR304W,0,blue
YDR448W,0,blue
YMR229C,1,red
YDR087C,1,red
YJL033W,1,red
YOR224C,1,red
YIL063C,1,red
YGR274C,1,red
YLL034C,1,red
YLR449W,0,blue
YDL002C,0,blue
YOL077C,1,red
YLR002C,1,red
YBR152W,1,red
YMR276W,1,red
YAL032C,1,red
YKL173W,1,red
YGL070C,0,blue
YOR207C,1,red
YBR275C,0,blue
YAL027W,0,blue
YDR259C,0,blue
YOR191W,0,blue
YFL024C,1,red
YKL014C,1,red
YDR460W,1,red
YKR002W,1,red
YGL112C,1,red
YDL108W,1,red
YKR010C,0,blue
YBR150C,0,blue
YGL130W,1,red
YPR104C,1,red
YLR131C,0,blue
YDR473C,1,red
YDR324C,1,red
YNR010W,0,blue
YJL109C,1,red
YDR110W,0,blue
YDR301W,1,red
YGR245C,1,red
YJR093C,1,red
YCL011C,0,blue
YNL206C,0,blue
YBR049C,1,red
YDR195W,0,blue
YBR095C,0,blue
YLR263W,0,blue
YBR083W,0,blue
YBR087W,1,red
YNL201C,0,blue
YLL008W,1,red
YJR144W,0,blue
YDL031W,1,red
YGR280C,1,red
YKL144C,1,red
YOR308C,0,blue
YDL005C,0,blue
YER029C,1,red
YEL055C,1,red
YDR165W,0,blue
YKL214C,0,blue
YKL172W,1,red
YGL207W,1,red
YDL139C,1,red
YDL087C,1,red
YPL129W,0,blue
YBR253W,1,red
YBL005W,0,blue
YMR241W,0,blue
YOL069W,1,red
YOR294W,1,red
YHR065C,1,red
YPL089C,0,blue
YER040W,0,blue
YKR095W,0,blue
YDR206W,0,blue
YGL122C,1,red
YNL139C,0,blue
YNL076W,0,blue
YLR115W,1,red
YIR009W,0,blue
YML065W,1,red
YCL054W,1,red
YAL043C,1,red
YER164W,0,blue
YGR099W,1,red
YPR019W,1,red
YCR066W,0,blue
YDR176W,0,blue
YLR321C,1,red
YKL059C,1,red
YOR001W,0,blue
YBL008W,0,blue
YDL030W,1,red
YFL009W,1,red
YMR270C,1,red
YLR103C,1,red
YGR186W,1,red
YBR089C-A,1,red
YBL003C,1,red
YGR074W,1,red
YLR277C,1,red
YOR380W,0,blue
YBR073W,0,blue
YKR025W,1,red
YDR299W,1,red
YDR416W,1,red
YBL025W,0,blue
YPR008W,0,blue
YDL105W,1,red
YBR193C,1,red
YDL153C,1,red
YGL246C,0,blue
YNR003C,1,red
YBR245C,0,blue
YGR005C,1,red
YGR156W,1,red
YPR023C,0,blue
YBL093C,0,blue
YKL054C,0,blue
YNL124W,1,red
YGR145W,1,red
YBR081C,0,blue
YNL218W,0,blue
YGR159C,1,red
YDR443C,0,blue
YNL216W,1,red
YML041C,0,blue
R0020C,0,blue
YPL248C,0,blue
YOR315W,0,blue
YHR088W,1,red
YDR432W,1,red
YNL199C,0,blue
YCR087C-A,0,blue
YFR013W,0,blue
YLR275W,1,red
YBL023C,1,red
YLR035C,0,blue
YOR358W,0,blue
YPR107C,1,red
YHR178W,0,blue
YHR041C,0,blue
YER127W,1,red
YLR005W,1,red
YOR185C,0,blue
YDR412W,1,red
YPL082C,1,red
YML049C,1,red
YDL148C,1,red
YMR236W,1,red
YOR290C,0,blue
YDL051W,0,blue
YMR005W,1,red
YNL262W,1,red
YOL005C,1,red
YJL011C,1,red
YGR229C,0,blue
YDR318W,0,blue
YBL066C,0,blue
YDR240C,1,red
YPL181W,0,blue
YOR110W,1,red
YJR112W,1,red
YGL097W,1,red
YEL009C,0,blue
YDL064W,1,red
YLR409C,1,red
YOL006C,0,blue
YMR078C,0,blue
YGL151W,0,blue
YDL150W,1,red
YER116C,0,blue
YLR223C,1,red
YER049W,0,blue
YKL022C,1,red
YGR116W,1,red
YHR164C,1,red
YOL051W,0,blue
YER002W,0,blue
YNL260C,1,red
YAL011W,0,blue
YNL248C,0,blue
YMR223W,0,blue
YHR191C,0,blue
YPR082C,1,red
YFL002C,1,red
YDR449C,1,red
YKL012W,1,red
YEL032W,1,red
YLR117C,1,red
YBR211C,1,red
YNL151C,1,red
YKR101W,0,blue
YDR285W,0,blue
YLR394W,0,blue
YDR235W,1,red
YML046W,1,red
YHR156C,0,blue
YOR026W,0,blue
YMR172W,0,blue
YMR021C,0,blue
YCR072C,1,red
YKL112W,1,red
YKR024C,0,blue
YIR023W,0,blue
YOR144C,0,blue
YLR385C,0,blue
YML010W,1,red
YHR143W-A,1,red
YBR119W,0,blue
YHR124W,0,blue
YML034W,0,blue
YGL044C,1,red
YGR249W,0,blue
YGR010W,0,blue
YLR399C,0,blue
YFR003C,1,red
YDR362C,1,red
YDR073W,0,blue
YBR228W,0,blue
YIR002C,0,blue
YPL213W,1,red
YFR036W,0,blue
YDL080C,0,blue
YML015C,1,red
YDR359C,0,blue
YLR129W,1,red
YBL088C,0,blue
YNL102W,1,red
YNL039W,1,red
YLR276C,1,red
YBR112C,1,red
YKL113C,0,blue
YDR383C,0,blue
YDR279W,0,blue
YBL035C,1,red
YGL244W,0,blue
YHR079C-A,0,blue
YGL166W,1,red
YAL019W,0,blue
YFR027W,1,red
YML062C,0,blue
YOR004W,1,red
YOR310C,1,red
YEL026W,1,red
YDR145W,1,red
YPR164W,0,blue
YIL026C,1,red
YNL215W,0,blue
YBR279W,0,blue
YOR160W,1,red
YJR002W,1,red
YKL082C,1,red
YIL122W,0,blue
YOR078W,0,blue
YML098W,1,red
YFL013C,0,blue
YNL068C,0,blue
YLR055C,0,blue
YMR268C,1,red
YOL148C,0,blue
YOR156C,0,blue
YLL036C,1,red
YOR179C,0,blue
YML102W,0,blue
YLR116W,1,red
YDR295C,0,blue
YLR071C,1,red
YPR143W,1,red
YML069W,1,red
YCR042C,1,red
YLR418C,0,blue
YOR368W,0,blue
YBR289W,0,blue
YMR128W,1,red
YGL171W,1,red
YLR298C,1,red
YDR308C,1,red
YMR190C,0,blue
YDR207C,0,blue
YPR034W,1,red
YBR060C,1,red
YLR052W,0,blue
YCR040W,0,blue
YDL089W,1,red
YGL096W,0,blue
YFR046C,0,blue
YDR289C,0,blue
YBR034C,0,blue
YNL187W,0,blue
YGL254W,0,blue
YOL010W,1,red
YNL004W,0,blue
YHR118C,1,red
YDR303C,1,red
YHR058C,1,red
YNL103W,1,red
YOR250C,1,red
YPR144C,1,red
YLR018C,0,blue
YMR129W,0,blue
YDL106C,0,blue
YGL078C,0,blue
YML027W,0,blue
YDR123C,1,red
YML036W,0,blue
YMR288W,1,red
YBR278W,0,blue
YJL110C,0,blue
YGL066W,0,blue
YDR006C,0,blue
YNL222W,1,red
YHR148W,1,red
YPL011C,1,red
YGL150C,1,red
YMR014W,0,blue
YJL030W,0,blue
YJR021C,0,blue
YKL043W,0,blue
YER106W,1,red
YPL127C,0,blue
YFR037C,1,red
YKR086W,1,red
YDL098C,1,red
YHL022C,0,blue
YLR183C,0,blue
YJR094C,0,blue
YMR156C,0,blue
YOR032C,0,blue
YMR112C,1,red
YHR072W-A,1,red
YDR173C,0,blue
YKR060W,0,blue
YBR066C,0,blue
YJL115W,0,blue
YPR161C,1,red
YJL010C,1,red
YLR051C,1,red
YPL018W,0,blue
YMR269W,0,blue
YLR278C,0,blue
YKL185W,0,blue
YIL101C,0,blue
YDR501W,0,blue
YOR217W,1,red
YCR081W,0,blue
YJL176C,0,blue
YJL050W,1,red
YOL028C,0,blue
YLR015W,0,blue
YNL227C,0,blue
YGR128C,1,red
YBR231C,0,blue
YGL194C,0,blue
YMR263W,0,blue
YNL267W,1,red
YLR315W,0,blue
YPL128C,1,red
YDR485C,0,blue
YPL202C,0,blue
YOR249C,1,red
YGR081C,0,blue
YDL003W,1,red
YJR082C,0,blue
YHL025W,0,blue
YMR224C,0,blue
YPL254W,0,blue
YNL075W,1,red
YLR108C,0,blue
YGL043W,0,blue
YDL209C,1,red
YIL104C,1,red
YJL125C,1,red
YJR140C,0,blue
YIL150C,1,red
YHR195W,0,blue
YLR003C,0,blue
YCR033W,0,blue
YBR065C,0,blue
YDR180W,1,red
YCR096C,1,red
YJL013C,0,blue
YKL109W,0,blue
YDL084W,1,red
YDR469W,0,blue
YNL253W,0,blue
YOR340C,1,red
YDR457W,0,blue
YOR123C,0,blue
YJL089W,0,blue
YOR189W,0,blue
YPL138C,0,blue
YPR085C,1,red
YPR101W,1,red
YPR052C,0,blue
YDL074C,0,blue
YOR033C,0,blue
YNL021W,0,blue
YBR236C,1,red
YCL010C,0,blue
YPR070W,0,blue
YLL022C,0,blue
YGR056W,0,blue
YDR392W,0,blue
YOR140W,0,blue
YPR168W,1,red
YDL076C,0,blue
YOL034W,1,red
YDR464W,1,red
YDR440W,0,blue
YER045C,0,blue
YBL046W,0,blue
YNR023W,0,blue
YMR280C,0,blue
YNL082W,0,blue
YDL233W,0,blue
YPR135W,0,blue
YGL249W,0,blue
YPL157W,0,blue
YLR200W,0,blue
YMR048W,0,blue
YER018C,1,red
YJR060W,0,blue
YMR219W,0,blue
YIL084C,0,blue
YLR095C,0,blue
YGR047C,1,red
YKL099C,1,red
YOR295W,1,red
YDR156W,0,blue
YIL010W,0,blue
YMR168C,1,red
YLR329W,0,blue
YPL233W,1,red
YPL212C,0,blue
YCL061C,0,blue
YHR085W,1,red
YLR323C,1,red
YMR043W,1,red
YOR344C,0,blue
YFL021W,0,blue
YDR043C,0,blue
YNR054C,1,red
YIL126W,1,red
YNL008C,0,blue
YGR275W,0,blue
YPL008W,0,blue
YDR312W,0,blue
YPR112C,1,red
YMR076C,1,red
YGR071C,0,blue
YPR046W,0,blue
YOR213C,0,blue
YGL071W,0,blue
YBR107C,0,blue
YBL052C,0,blue
YEL017W,0,blue
YDR021W,1,red
YDR121W,0,blue
YLR098C,0,blue
YCL055W,0,blue
YGL133W,0,blue
YPL122C,1,red
YLR318W,0,blue
YPR007C,0,blue
YNL245C,1,red
YBR258C,0,blue
YNL251C,1,red
YLR068W,0,blue
YGL086W,0,blue
YOR064C,0,blue
YMR310C,0,blue
YHR031C,0,blue
YKL160W,0,blue
YLR363W-A,0,blue
YJR119C,0,blue
YOL072W,0,blue
YIL096C,0,blue
YHL006C,0,blue
YJL168C,0,blue
YER064C,0,blue
YDR364C,1,red
YJL056C,0,blue
YJL006C,0,blue
YLR221C,0,blue
YLR007W,1,red
YJL065C,0,blue
YPR094W,1,red
YHR090C,0,blue
YMR277W,1,red
YDR291W,0,blue
YAL025C,1,red
YER159C,1,red
YMR176W,0,blue
YLL054C,0,blue
YKR099W,0,blue
YLR357W,0,blue
YER092W,0,blue
YJL184W,1,red
YOR051C,0,blue
YDR078C,0,blue
YNL167C,0,blue
YBR186W,0,blue
YGR075C,1,red
YGL025C,0,blue
YMR039C,0,blue
YOR346W,0,blue
YMR044W,0,blue
YDR088C,1,red
YDR310C,0,blue
YGR063C,0,blue
YPR133C,1,red
YOR074C,1,red
YLR451W,0,blue
YFL049W,0,blue
YPR179C,0,blue
YLR455W,0,blue
YJR041C,1,red
YOL144W,1,red
YKL125W,1,red
YML011C,0,blue
YPR056W,1,red
YDL056W,0,blue
YNR074C,0,blue
YPL216W,0,blue
YLR336C,1,red
YOR038C,0,blue
YPL190C,1,red
YDR045C,1,red
YDR159W,0,blue
YBR233W,0,blue
YER030W,0,blue
YGR179C,1,red
YBR182C,0,blue
YLL004W,1,red
YOL146W,1,red
YPR162C,1,red
YCR052W,1,red
YKR062W,1,red
YEL018W,0,blue
YKR034W,0,blue
YBR240C,0,blue
YJR043C,0,blue
YMR042W,0,blue
YER051W,0,blue
YMR091C,0,blue
YHR081W,0,blue
YBR141C,0,blue
YBR123C,1,red
YNL159C,0,blue
YDR390C,1,red
YML021C,0,blue
YBR188C,0,blue
YDL020C,0,blue
YOL067C,0,blue
YLR010C,1,red
YMR247C,0,blue
YLR226W,0,blue
YJR074W,0,blue
YLL002W,0,blue
YOL043C,0,blue
YGR246C,1,red
YNL261W,1,red
YPR057W,0,blue
YHR206W,0,blue
YML093W,1,red
YJR006W,1,red
YNL292W,0,blue
YDR489W,1,red
YGL073W,1,red
YML023C,1,red
YNL273W,0,blue
YLR141W,1,red
YMR033W,1,red
YDR096W,0,blue
YPL228W,1,red
YER013W,1,red
YNL097C,0,blue
YBL024W,0,blue
YCR063W,0,blue
YHR040W,1,red
YMR072W,0,blue
YMR019W,0,blue
YNL062C,1,red
YIL130W,0,blue
YMR227C,1,red
YPL047W,0,blue
YER154W,0,blue
YDR314C,0,blue
YOL116W,0,blue
YHR154W,0,blue
YDR181C,0,blue
YDR296W,0,blue
YGR129W,0,blue
YKL089W,1,red
YMR131C,1,red
YGL251C,0,blue
YNL133C,0,blue
YBR215W,0,blue
YNL282W,1,red
YOR113W,0,blue
YDR213W,0,blue
YNR024W,0,blue
YFR038W,0,blue
YDR026C,0,blue
YPL177C,0,blue
YCR039C,1,red
YGL029W,1,red
YKL028W,1,red
YDR315C,0,blue
YMR075W,0,blue
YLR381W,0,blue
YHR167W,0,blue
YJL072C,1,red
YKR063C,1,red
YML127W,1,red
YGR276C,0,blue
YML114C,1,red
YNL136W,0,blue
YPR045C,0,blue
YGR072W,0,blue
YIR010W,1,red
YDR446W,0,blue
YLR033W,1,red
YHR056C,0,blue
YER184C,0,blue
YPL121C,0,blue
YIL009C-A,0,blue
YPL075W,1,red
YPR152C,0,blue
YLR132C,1,red
YFL031W,0,blue
YBR167C,1,red
YHR134W,0,blue
YGL113W,1,red
YER109C,0,blue
YLR376C,0,blue
YOR048C,1,red
YER088C,0,blue
YHR036W,1,red
YIL072W,0,blue
YLR014C,0,blue
YDL201W,0,blue
YPR065W,0,blue
YMR182C,0,blue
YJL025W,1,red
YGL013C,0,blue
YHR062C,1,red
YDR421W,0,blue
YOR252W,0,blue
YOR279C,0,blue
YOR363C,0,blue
YOL104C,0,blue
YFL001W,0,blue
YKR008W,1,red
YNL186W,0,blue
YBL018C,1,red
YNL138W-A,1,red
YNR011C,1,red
YDR478W,1,red
YDR254W,0,blue
YBL019W,0,blue
YER147C,1,red
YNL246W,1,red
YBR237W,1,red
YMR119W,0,blue
YJR127C,0,blue
YPR068C,0,blue
YPL116W,0,blue
YKL114C,0,blue
YNR063W,0,blue
YIL119C,0,blue
YML060W,0,blue
YPL068C,0,blue
YPR169W,1,red
YKR095W-A,0,blue
YJR135C,1,red
YDR263C,0,blue
YIL091C,1,red
YKL049C,1,red
YKR044W,0,blue
YGR283C,0,blue
YBL010C,0,blue
YFL052W,0,blue
YCR097W,0,blue
YKL186C,1,red
YPL055C,0,blue
YCR106W,0,blue
YNR004W,0,blue
YDR514C,0,blue
YIL019W,1,red
YDL102W,1,red
YOL080C,0,blue
YDR079C-A,0,blue
YGR251W,1,red
YDR397C,1,red
YGR006W,0,blue
YPL007C,1,red
YAL001C,1,red
YDR013W,1,red
YBL006C,0,blue
YGL183C,0,blue
YKL015W,0,blue
YGL247W,1,red
YMR133W,0,blue
YML043C,1,red
YGR030C,1,red
YBR257W,1,red
YKL222C,0,blue
YAL051W,0,blue
YPL193W,0,blue
YER169W,0,blue
YBR033W,0,blue
YOR098C,1,red
YBL099W,0,green
YBR020W,0,green
YBR039W,0,green
YBR118W,0,green
YBR127C,0,green
YBR196C,1,red
YCL018W,0,green
YDL126C,1,red
YDR099W,0,green
YER177W,0,green
YFL039C,1,red
YGR240C,0,green
YGR256W,0,green
YJL138C,0,green
YLR180W,0,green
YNL030W,0,green
YOL139C,1,red
YOR332W,0,green
YBR055C,1,red
YBR069C,0,green
YBR234C,1,red
YCR002C,0,green
YCR009C,0,green
YDL029W,1,red
YDL047W,0,green
YDL101C,0,green
YDL132W,1,red
YDL225W,0,green
YDR388W,0,green
YER025W,1,red
YER133W,1,red
YGL004C,0,green
YGL137W,1,red
YGL190C,0,green
YGR083C,1,red
YHR135C,0,green
YJR007W,1,red
YKL103C,0,green
YKR026C,0,green
YLR175W,1,red
YLR314C,1,red
YML064C,1,red
YMR246W,0,green
YNL189W,1,red
YNR031C,0,green
YOR212W,0,green
YOR260W,1,red
YOR351C,0,green
YPL203W,1,red
YPR178W,1,red
YBL039C,0,green
YBR072W,0,green
YDL097C,1,red
YDL147W,1,red
YDR148C,0,green
YDR394W,1,red
YFL037W,1,red
YHR027C,1,red
YIL075C,1,red
YJL008C,1,red
YJR045C,1,red
YJR121W,0,green
YLR216C,0,green
YLR259C,1,red
YML085C,1,red
YMR205C,0,green
YNL064C,0,green
YOR151C,1,red
YCR088W,1,red
YDL134C,0,green
YDL188C,0,green
YEL051W,0,green
YFL016C,0,green
YML123C,0,green
YOR261C,1,red
YPL235W,1,red
YAL021C,0,green
YAR007C,1,red
YBR198C,1,red
YBR217W,0,green
YBR272C,0,green
YDL017W,1,red
YDL059C,0,green
YDL200C,0,green
YDR127W,0,green
YER012W,1,red
YER171W,1,red
YFR004W,1,red
YFR010W,0,green
YFR052W,1,red
YGR232W,0,green
YHR030C,0,green
YHR200W,0,green
YIL066C,0,green
YJR076C,1,red
YKL166C,1,red
YMR001C,1,red
YNL161W,1,red
YOL094C,1,red
YOR181W,1,red
YOR259C,1,red
YPR108W,1,red
YDL025C,0,green
YDL213C,0,green
YDR386W,0,green
YER006W,1,red
YFR028C,1,red
YGR097W,0,green
YGR103W,1,red
YGR254W,0,green
YHR052W,1,red
YIL035C,0,green
YKR081C,1,red
YMR290C,1,red
YNL061W,1,red
YNL230C,0,green
YOR061W,0,green
YOR267C,0,green
YOR272W,1,red
YOR361C,1,red
YPL043W,1,red
YPL093W,1,red
YPL141C,0,green
YJR068W,1,red
YNL290W,1,red
YPL240C,0,green
YDL185W,0,green
YDL229W,0,green
YDR190C,1,red
YDL145C,1,red
YGL049C,0,green
YGR162W,0,green
YHR086W,1,red
YMR186W,0,green
YDL155W,1,red
YDR216W,0,green
YER021W,1,red
YIL128W,0,green
YJL130C,0,green
YNL113W,1,red
YOR119C,1,red
YOR341W,1,red
YDR128W,0,green
YJL117W,0,green
YMR284W,0,green
YPL140C,0,green
YGL200C,0,green
YJL002C,1,red
YDR211W,1,red
YIL142W,1,red
YLR191W,0,green
YOL133W,1,red
YDR335W,0,green
YHL004W,0,green
YER165W,1,red
YNL243W,1,red
YNL298W,0,green
YGL005C,0,green
YLR293C,1,red
YOL132W,0,green
YPL204W,1,red
YDR307W,0,green
YER118C,0,green
YGL104C,0,green
YPR111W,1,red
YGR052W,0,green
YGL143C,0,green
YHL008C,0,green
YMR109W,0,green
YBR160W,1,red
YIL061C,1,red
YHR016C,0,green
YGL161C,0,green
YGL198W,0,green
YJL020C,0,green
YMR032W,1,red
YJL069C,1,red
YAL016W,0,green
YGL019W,0,green
YGR090W,1,red
YLR096W,0,green
YNL132W,1,red
YOR039W,0,green
YBL026W,1,red
YDR238C,1,red
YBR108W,0,green
YEL011W,0,green
YER125W,1,red
YIL095W,0,green
YIL156W,0,green
YIR003W,0,green
YNL094W,0,green
YPR171W,0,green
YHR197W,1,red
YNL182C,1,red
YOR005C,0,green
YGR290W,0,green
YHR107C,1,red
YIL139C,0,green
YMR088C,0,green
YPR014C,0,green
YIL046W,1,red
YDR376W,1,red
YNL025C,0,green
YHR082C,1,red
YBL080C,0,green
YDR477W,0,green
YNL093W,0,green
YNL138W,1,red
YHR158C,0,green
YBR214W,0,green
YCR024C-A,0,green
YJR143C,0,green
YMR250W,0,green
YNL163C,1,red
YNL276C,0,green
YDR350C,0,green
YMR282C,0,green
YFR026C,0,green
YGL165C,0,green
YLR076C,1,red
YML109W,0,green
YFR024C-A,0,green
YBL007C,0,green
YER082C,1,red
YJL095W,0,green
YHR166C,1,red
YJL187C,0,green
YLR291C,1,red
YPL070W,0,green
YJR090C,0,green
YLR261C,0,green
YOR390W,0,green
YDR480W,0,green
YER167W,0,green
YGL057C,0,green
YGL158W,0,green
YJL076W,1,red
YPL049C,0,green
YPR137C-A,0,green
YBR251W,0,green
YCR057C,1,red
YJL098W,0,green
YKL008C,0,green
YOR244W,1,red
YIL112W,0,green
YEL063C,0,green
YGL009C,0,green
YBR103W,0,green
YDR228C,1,red
YNL317W,1,red
YGR092W,0,green
YLR281C,0,green
YMR142C,0,green
YKL129C,0,green
YMR123W,0,green
YDL008W,1,red
YBR004C,1,red
YPL231W,1,red
YPL112C,0,green
YER129W,0,green
YAL007C,0,green
YNL226W,0,green
YJR073C,0,green
YJL139C,0,green
YLR363C,0,green
YOR076C,1,red
YAR019C,1,red
YGL028C,0,green
YBR261C,0,green
YFR012W,0,green
YPL237W,1,red
YIL131C,0,green
YNL178W,1,red
YEL049W,0,green
YLL029W,0,green
YDR507C,0,green
YHR083W,1,red
YKL179C,0,green
YBR115C,0,green
YNL191W,0,green
YDR441C,0,green
YER161C,0,green
YBR079C,1,red
YMR309C,1,red
YJR117W,0,green
YGL001C,1,red
YOR084W,0,green
YPR041W,1,red
YIR035C,0,green
YJL035C,1,red
YDR428C,0,green
YOR325W,0,green
YNR018W,0,green
YDR461W,0,green
YLL046C,0,green
YDL178W,0,green
YGL036W,0,green
YIR004W,1,red
YLR258W,0,green
YDR227W,0,green
YMR041C,0,green
YNL142W,0,green
YKR031C,0,green
YNL028W,1,red
YBL033C,0,green
YDR277C,0,green
YCL076W,0,green
YDR283C,0,green
YKL153W,1,red
YKR084C,0,green
YNL104C,0,green
YJL160C,0,green
YJL174W,1,red
YER137C,0,green
YOR356W,0,green
YGR168C,0,green
YDR413C,1,red
YOR284W,0,green
YPR021C,0,green
YGR126W,0,green
YBR204C,0,green
YLR225C,0,green
YDR275W,0,green
YGL239C,1,red
YKL013C,1,red
YNR042W,0,green
YOL124C,0,green
YLR327C,0,green
YDL103C,1,red
YLL047W,0,green
YGL214W,0,green
YER010C,0,green
YCL020W,0,green
YLR077W,0,green
YHR189W,0,green
YOR364W,0,green
YDR492W,0,green
YLR406C,0,green
YDL237W,0,green
YEL059W,0,green
YBR266C,0,green
YDR287W,0,green
YKL161C,0,green
YBL094C,0,green
YBR008C,0,green
YBR144C,0,green
YBR273C,0,green
YBR301W,0,green
YDR040C,0,green
YHL043W,0,green
YHL049C,0,green
YHR209W,0,green
YIL055C,0,green
YIR037W,0,green
YJR079W,0,green
YLR078C,1,red
YLR312C,0,green
YLR434C,0,green
YMR157C,0,green
YNL319W,0,green
YNR061C,0,green
YOL154W,0,green
YOR102W,1,red
YOR112W,0,green
YOR121C,0,green
YOR251C,0,green
YOR286W,0,green
YOR289W,0,green
YNL250W,0,green
YFR051C,1,red
YIL004C,1,red
YJR031C,0,green
YLR268W,0,green
YLR026C,1,red
YGL094C,0,green
YLR065C,0,green
YOR111W,0,green
YBR255W,0,green
YGL003C,1,red
YDR135C,0,green
YGL117W,0,green
YLR143W,0,green
YNL050C,0,green
YNL242W,0,green
YOL031C,0,green
YOL140W,0,green
YAL045C,0,green
YGL186C,0,green
YGR020C,0,green
YJL204C,0,green
YOL098C,0,green
YBR097W,0,green
YOR086C,0,green
YDR143C,0,green
YNL327W,0,green
YLR256W-A,0,green
YER098W,0,green
YDR427W,1,red
YGL197W,0,green
YIR025W,0,green
YCL033C,0,green
YML106W,0,green
YOL073C,0,green
YOR202W,0,green
YGR060W,1,red
YOR392W,0,green
YMR273C,0,green
YOL143C,0,green
YJL114W,0,green
YML110C,0,green
YDR169C,0,green
YAL063C-A,0,green
YDL159W-A,0,green
YER055C,0,green
YGL072C,0,green
YJL198W,1,red
YLR087C,0,green
YMR230W,0,green
YNR033W,0,green
YOR029W,0,green
YOR293W,1,red
YPR071W,0,green
YOR146W,1,red
YPL029W,0,green
YBL082C,0,green
YBL031W,0,green
YBR235W,0,green
YDL189W,0,green
YER004W,0,green
YLL060C,0,green
YLL067W-A,0,green
YML120C,0,green
YNL164C,0,green
YPL056C,0,green
YER054C,0,green
YMR196W,0,green
YMR057C,0,green
YLR441C,0,green
YBR106W,1,red
YBR242W,0,green
YBR262C,0,green
YCL049C,0,green
YDL162C,0,green
YDR290W,0,green
YEL057C,0,green
YEL074W,0,green
YER121W,0,green
YER170W,0,green
YGL258W,0,green
YPL280W,0,green
YKL154W,1,red
YJR010C-A,0,green
YBR036C,0,green
YBR110W,1,red
YBR159W,0,green
YBR290W,0,green
YCR034W,0,green
YDL232W,1,red
YDR331W,1,red
YGR284C,0,green
YHL048W,0,green
YHR026W,0,green
YHR133C,0,green
YHR140W,0,green
YJL196C,0,green
YKL065C,0,green
YLR343W,0,green
YLR372W,0,green
YML048W,0,green
YMR215W,0,green
YNL101W,0,green
YOR016C,0,green
YPL264C,0,green
YPR028W,0,green
YFR039C,0,green
YDL121C,0,green
YDR304C,0,green
YDR431W,0,green
YDR513W,0,green
YGL020C,0,green
YJL075C,0,green
YKR100C,0,green
YOL159C,0,green
YPL252C,1,red
YPR037C,0,green
YDR323C,1,red
YBR116C,0,green
YBR283C,0,green
YGR260W,0,green
YLL028W,0,green
YMR011W,0,green
YMR058W,0,green
YMR149W,1,red
YPL076W,1,red
YPR156C,0,green
YPR198W,0,green
YBR021W,0,green
YBR180W,0,green
YFR018C,0,green
YGR062C,0,green
YDR414C,0,green
YEL017C-A,0,green
YBR183W,0,green
YEL002C,1,red
YHL042W,0,green
YCL025C,0,green
YDR297W,0,green
YHR142W,0,green
YML067C,0,green
YMR222C,0,green
YPL274W,0,green
YLR454W,1,red
YDR345C,0,green
YGR242W,0,green
YOL147C,0,green
YGL141W,0,green
YMR063W,0,green
YEL022W,0,green
YGR194C,0,green
YML071C,0,green
YHR123W,0,green
YIL027C,0,green
YLR099C,0,green
YDR317W,0,green
YEL006W,0,green
YIL049W,0,green
YLR028C,0,green
YLR057W,0,green
YMR140W,0,green
YPL060W,0,green
YPL107W,0,green
YAL023C,0,green
YAR030C,0,green
YCL073C,0,green
YDR406W,0,green
YJL093C,0,green
YKL196C,1,red
YMR264W,0,green
YOR273C,0,green
YBL067C,0,green
YBR040W,0,green
YJR054W,0,green
YKR009C,0,green
YMR189W,0,green
YNL271C,0,green
YNR005C,0,green
YOR067C,0,green
YJR011C,0,green
YJR099W,0,green
YNL175C,0,green
YDL173W,0,green
YDR036C,0,green
YNL038W,1,red
YHR145C,0,green
YFR033C,0,green
YGR046W,1,red
YJR034W,0,green
YHL001W,0,green
YPL025C,0,green
YAR071W,0,green
YBL095W,0,green
YCL023C,0,green
YDR144C,0,green
YDR433W,0,green
YFL050C,0,green
YGR073C,1,red
YGR100W,0,green
YIL039W,0,green
YJL222W-A,0,green
YLR110C,0,green
YLR251W,0,green
YGR021W,0,green
YBL065W,0,green
YBR047W,0,green
YDL202W,0,green
YEL012W,0,green
YGR243W,0,green
YHL005C,0,green
YHR116W,0,green
YJL142C,0,green
YJR126C,0,green
YKL051W,0,green
YKL063C,0,green
YKR093W,0,green
YLR331C,0,green
YML082W,0,green
YMR087W,0,green
YMR114C,0,green
YMR118C,0,green
YNL073W,0,green
YNL211C,0,green
YNL235C,0,green
YOL022C,1,red
YOL042W,0,green
YOR072W,0,green
YOR143C,1,red
YOR334W,0,green
YOR336W,1,red
YAL004W,0,green
YDR511W,0,green
YIL052C,0,green
YIL057C,0,green
YOR331C,0,green
YOR384W,0,green
YPL156C,0,green
YPL188W,0,green
YIL011W,0,green
YLR422W,0,green
YMR317W,0,green
YCR024C,0,green
YBL020W,1,red
YBR209W,0,green
YDL158C,0,green
YDR133C,0,green
YDR429C,1,red
YER076C,0,green
YGR053C,0,green
YGR207C,0,green
YGR291C,0,green
YJL079C,0,green
YJR065C,1,red
YKL208W,0,green
YLR201C,0,green
YMR146C,1,red
YMR184W,0,green
YMR305C,0,green
YOL066C,1,red
YOL152W,0,green
YOR082C,0,green
YOR271C,1,red
YPL097W,0,green
YPR155C,0,green
YPR157W,0,green
YNR035C,1,red
Q0050,0,green
YDR438W,0,green
YFR055W,0,green
YGL125W,0,green
YGR124W,0,green
YOR009W,0,green
YPL102C,0,green
YPL114W,0,green
YPR136C,1,red
YHL007C,0,green
YOL136C,0,green
YDR061W,0,green
YDR309C,0,green
YHR061C,0,green
YKL077W,0,green
YMR239C,1,red
YDL045C,1,red
YDR095C,0,green
YDR534C,0,green
YIL031W,1,red
YJL032W,1,red
YLR311C,1,red
YML133C,0,green
YMR202W,0,green
YOR174W,1,red
YOR263C,0,green
YOR377W,0,green
YOR323C,0,green
YAR047C,0,green
YBR099C,0,green
YBR185C,0,green
YBR219C,0,green
YBR220C,0,green
YIL077C,0,green
YGL146C,0,green
YOR225W,0,green
YKL170W,0,green
YKL072W,0,green
YMR053C,0,green
YJL023C,0,green
YLR338W,0,green
YAR064W,0,green
YBR089W,1,red
YBR157C,0,green
YDL183C,0,green
YDL219W,0,green
YDR056C,0,green
YDR067C,0,green
YDR286C,0,green
YDR340W,0,green
YER180C,0,green
YER181C,0,green
YJL170C,0,green
YJL182C,0,green
YJL190C,0,green
YJR162C,0,green
YJL222W-B,0,green
YML030W,0,green
YLR390W,0,green
YFL056C,0,green
YLR220W,1,red
YLR229C,1,red
YDR367W,1,red
YDL094C,0,green
YNL165W,0,green
YOR011W,0,green
YJR080C,0,green
YKL188C,0,green
YDL062W,0,green
YJR087W,0,green
YBR041W,0,green
YDR269C,0,green
YHR203C,0,green
YJL175W,0,green
YNL280C,0,green
YOL118C,0,green
YOR309C,0,green
YOR321W,0,green
YMR260C,1,red
YIL121W,0,green
YOL035C,0,green
YOR196C,0,green
YGR236C,0,green
YDR070C,0,green
YBR179C,0,green
YLR164W,0,green
YLR344W,0,green
YPR203W,0,green
YPR073C,0,green
YDL026W,0,green
YDL041W,0,green
YDL046W,0,green
YDL050C,0,green
YDL061C,0,green
YDL096C,0,green
YDL118W,0,green
YDR542W,0,green
YFL015C,0,green
YFR054C,0,green
YGR036C,0,green
YLL037W,1,red
YHR117W,0,green
YGR225W,0,green
YBR190W,1,red
YJR010W,0,green
YDR215C,0,green
YDL218W,0,green
YDR538W,0,green
YOR338W,0,green
YIL064W,0,green
YIL158W,0,green
YDR081C,1,red
YBR269C,0,green
YKR011C,0,green
YNL320W,0,green
YDL099W,0,green
YCL004W,1,red
YDR249C,0,green
YDL212W,1,red
YIL006W,0,green
YGR208W,0,green
YHR194W,0,green
YLR462W,0,green
YPL023C,0,green
YPL067C,0,green
YPR177C,1,red
YHR109W,0,green
YNR030W,0,green
YLR199C,0,green
YLR217W,0,green
YNL051W,0,green
YOR354C,0,green
YEL039C,0,green
YOR065W,0,green
YOR288C,0,green
YGR247W,0,green
YLR416C,0,green
YLR257W,0,green
YHR157W,0,green
YLR356W,0,green
YDL024C,0,green
YPL244C,0,green
YPL130W,0,green
YLR046C,0,green
YPR125W,1,red
YNR029C,0,green
YJR044C,0,green
YGL242C,0,green
YIL152W,0,green
YDR370C,0,green
YLL059C,0,green
YHR201C,0,green
YJL158C,0,green
YBL071C,0,green
YPL224C,0,green
YLR337C,0,green
Q0275,0,green
YCR023C,0,green
YLR202C,0,green
YFL067W,0,green
YBR194W,0,green
YGR213C,0,green
YHR212W-A,0,green
YEL077C,0,green
YOR214C,0,green
YHR159W,0,green
YOR366W,0,green
YOR103C,1,red
YNL228W,0,green
YMR271C,0,green
